n,px,py,k,i,runtime,gflops,Linf,L2
8000,8,16,Y,2000,19.550000,183.400000,0.999936,0.674579
8000,8,16,N,2000,19.500000,183.800000,0.999936,-nan
,,,,,,,,
