n,px,py,k,i,runtime,gflops,Linf,L2
8000,2,96,Y,8000,37.650000,380.700000,0.999488,0.652693
8000,2,96,N,8000,36.490000,392.800000,0.912453,-nan
,,,,,,,,
