n,px,py,k,i,runtime,gflops,Linf,L2
800,1,2,Y,20000,28.950000,12.380000,0.983168,0.752418
800,1,2,N,20000,28.950000,12.380000,0.983168,0.752418
800,2,1,Y,20000,28.940000,12.390000,0.983168,0.752418
800,2,1,N,20000,28.770000,12.460000,0.983168,0.752418
,,,,,,,,
