n,px,py,k,i,runtime,gflops,Linf,L2
800,1,4,Y,20000,3.310000,108.300000,0.983168,0.752418
800,1,4,N,20000,5.031000,71.240000,0.000000,0.000000
,,,,,,,,
800,1,4,N,100000,63.130000,28.380000,0.000000,0.000000
800,1,4,Y,40000,7.320000,97.920000,0.967152,0.646299
800,1,4,N,40000,5.861000,122.300000,0.000000,0.000000
800,1,1,N,10000,5.404000,33.160000,0.986538,0.630385
,,,,,,,,
,,,,,,,,
