n,px,py,k,i,runtime,gflops,Linf,L2
2000.000000,1.000000,64.000000,0.000000,25000.000000,4.239000,660.500000,0.992494,0.641537
,,,,,,,,
