n,px,py,k,i,runtime,gflops,Linf,L2
8000,16,16,N,8000,8.366000,1714.000000,0.999488,-nan
8000,16,16,Y,8000,29.420000,487.200000,0.999488,0.652693
,,,,,,,,
